{
    "alabama": [
        32.806671,
        -86.791130
    ],
    "alaska": [
        61.370716,
        -152.404419
    ],
    "arizona": [
        33.729754,
        -112.431218
    ],
    "arkansas": [
        34.969704,
        -92.373123
    ],
    "california": [
        37.271878,
        -119.270437
    ],
    "colorado": [
        39.059900,
        -105.311123
    ],
    "connecticut": [
        41.597782,
        -72.755371
    ],
    "delaware": [
        39.318881,
        -75.507147
    ],
    "florida": [
        27.766279,
        -82.640303
    ],
    "georgia": [
        33.040619,
        -83.342074
    ],
    "hawaii": [
        21.306944,
        -157.858333
    ],
    "idaho": [
        44.240483,
        -114.478825
    ],
    "illinois": [
        40.349457,
        -88.986895
    ],
    "indiana": [
        39.849414,
        -86.258278
    ],
    "iowa": [
        41.586222,
        -93.620779
    ],
    "kansas": [
        38.526600,
        -96.726483
    ],
    "kentucky": [
        37.668140,
        -84.670066
    ],
    "louisiana": [
        30.451892,
        -91.187101
    ],
    "maine": [
        44.627264,
        -69.382073
    ],
    "maryland": [
        39.019773,
        -76.641273
    ],
    "massachusetts": [
        42.235225,
        -71.531434
    ],
    "michigan": [
        43.326618,
        -84.536095
    ],
    "minnesota": [
        46.392415,
        -94.638130
    ],
    "mississippi": [
        32.320192,
        -89.019023
    ],
    "missouri": [
        38.453609,
        -92.289552
    ],
    "montana": [
        46.921923,
        -110.450451
    ],
    "nebraska": [
        41.128932,
        -98.288281
    ],
    "nevada": [
        38.313519,
        -117.055369
    ],
    "new_hampshire": [
        43.452492,
        -71.563893
    ],
    "new_jersey": [
        40.298904,
        -74.520887
    ],
    "new_mexico": [
        34.837722,
        -106.247191
    ],
    "new_york": [
        42.165728,
        -74.948097
    ],
    "north_carolina": [
        35.630066,
        -79.806419
    ],
    "north_dakota": [
        47.528912,
        -100.783137
    ],
    "ohio": [
        40.388789,
        -82.764
    ],
    "wisconsin": [
        44.5,
        -89.5
    ],
    "wyoming": [
        43.075970,
        -107.290283
    ]
}